species,plant.height,SLA,seed.mass,kew.seed
Acalypha.virginica,NA,NA,0.631111111,kew
Achillea.millefolium,0.64,2.049586777,0.219909091,field
Achillea.millefolium,0.71,2.459731544,NA,
Achillea.millefolium,0.8,1.627906977,NA,
Achillea.millefolium,0.72,4.226415094,NA,
Achillea.millefolium,0.68,7.641509434,NA,
Achillea.millefolium,0.66,0.229268293,NA,
Achillea.millefolium,0.75,NA,NA,
Achillea.millefolium,0.84,1.157657658,NA,
Achillea.millefolium,0.68,1.028753994,NA,
Achillea.millefolium,0.62,0.79,NA,
Achillea.millefolium,0.83,1.476190476,NA,
Achillea.millefolium,0.66,NA,NA,
Achillea.millefolium,0.74,NA,NA,
Achillea.millefolium,0.57,2.68852459,NA,
Achillea.millefolium,0.69,3.297297297,NA,
Achillea.millefolium,0.62,2.328440367,NA,
Achillea.millefolium,0.59,0.372413793,NA,
Achillea.millefolium,0.66,2.55361596,NA,
Achillea.millefolium,0.75,0.523706897,NA,
Achillea.millefolium,0.83,2.733990148,NA,
Agastache.foeniculum,NA,NA,0.29,field
Agastache.nepetoides,NA,NA,0.330142857,field
Agrimonia.parviflora,NA,NA,7.17,kew
Agrostis.gigantea,NA,NA,0.078333333,kew
Agrostis.hyemalis,NA,NA,0.058357143,kew
Alliaria.petiolata,NA,NA,2.597888889,kew
Allium.cernuum,NA,NA,3.85,field
Allium.vineale,0.47,NA,19,field
Allium.vineale,0.385,NA,NA,
Allium.vineale,0.475,NA,NA,
Allium.vineale,0.465,NA,NA,
Allium.vineale,0.455,NA,NA,
Allium.vineale,0.49,NA,NA,
Allium.vineale,0.36,NA,NA,
Allium.vineale,0.515,NA,NA,
Allium.vineale,0.51,NA,NA,
Allium.vineale,0.425,NA,NA,
Allium.vineale,0.435,NA,NA,
Allium.vineale,0.46,NA,NA,
Allium.vineale,0.465,NA,NA,
Allium.vineale,0.45,NA,NA,
Allium.vineale,0.45,NA,NA,
Allium.vineale,0.435,NA,NA,
Allium.vineale,0.455,NA,NA,
Allium.vineale,0.41,NA,NA,
Allium.vineale,0.48,NA,NA,
Allium.vineale,0.39,NA,NA,
Ambrosia.artemisiifolia,NA,NA,3.99,kew
Ambrosia.psilostachya,NA,NA,6.618142857,kew
Amorpha.canescens,NA,NA,1.9317,field
Amorpha.canescens,NA,NA,1.9317,field
Andropogon.gerardii,2.11,8.561538462,3.1,field
Andropogon.gerardii,2.04,12.36507937,NA,
Andropogon.gerardii,2.22,11.71717172,NA,
Andropogon.gerardii,2.23,11.67326733,NA,
Andropogon.gerardii,1.82,10.34351145,NA,
Andropogon.gerardii,1.75,11.85245902,NA,
Andropogon.gerardii,2.14,13.3220339,NA,
Andropogon.gerardii,1.71,14.58241758,NA,
Andropogon.gerardii,2.12,11.34188034,NA,
Andropogon.gerardii,2.03,11.64516129,NA,
Andropogon.gerardii,2.015,14.39361702,NA,
Andropogon.gerardii,2.1,11.13559322,NA,
Andropogon.gerardii,1.99,11.35714286,NA,
Andropogon.gerardii,1.78,12.83908046,NA,
Andropogon.gerardii,2.02,11.27906977,NA,
Andropogon.gerardii,2.13,13.03125,NA,
Andropogon.gerardii,2.13,14.30769231,NA,
Andropogon.gerardii,2.09,12.92682927,NA,
Andropogon.gerardii,1.85,13.92727273,NA,
Andropogon.gerardii,1.85,12.48022599,NA,
Anemone.cylindrica,NA,NA,1.056,field
Anemone.virginiana,NA,NA,1.13,field
Apocynum.cannabinum,0.72,10.58461538,1.0688,kew
Apocynum.cannabinum,0.815,16.03846154,NA,
Apocynum.cannabinum,0.77,31,NA,
Apocynum.cannabinum,0.805,12.55813953,NA,
Apocynum.cannabinum,0.715,17.7,NA,
Apocynum.cannabinum,0.845,11.76,NA,
Apocynum.cannabinum,0.83,17.47154472,NA,
Apocynum.cannabinum,0.77,11.92021277,NA,
Apocynum.cannabinum,0.81,19.55555556,NA,
Apocynum.cannabinum,0.735,18.46969697,NA,
Apocynum.cannabinum,0.845,13.50980392,NA,
Apocynum.cannabinum,0.83,12.63043478,NA,
Apocynum.cannabinum,0.75,14.82051282,NA,
Apocynum.cannabinum,0.725,17.02631579,NA,
Apocynum.cannabinum,0.76,26.94594595,NA,
Apocynum.cannabinum,0.73,17.17647059,NA,
Apocynum.cannabinum,0.74,13.359375,NA,
Apocynum.cannabinum,0.765,15.7486911,NA,
Apocynum.cannabinum,0.72,13.01428571,NA,
Apocynum.cannabinum,0.905,14.86781609,NA,
Arctium.minus,NA,NA,9.4175,kew
Arnoglossum.atriplicifolium,1.4,12.98903108,2.67,field
Arnoglossum.atriplicifolium,1.12,14.17222222,NA,
Arnoglossum.atriplicifolium,1.1,9.672897196,NA,
Arnoglossum.atriplicifolium,1.27,12.73851921,NA,
Arnoglossum.atriplicifolium,1.23,11.98383838,NA,
Arnoglossum.atriplicifolium,1.22,11.75794872,NA,
Arnoglossum.atriplicifolium,1.48,12.36353945,NA,
Arnoglossum.atriplicifolium,1.15,13.57601713,NA,
Arnoglossum.atriplicifolium,1.08,14.49530957,NA,
Arnoglossum.atriplicifolium,1.25,11.74983051,NA,
Arnoglossum.atriplicifolium,1.1,9.993908629,NA,
Arnoglossum.atriplicifolium,1.15,10.73940487,NA,
Arnoglossum.atriplicifolium,1.55,14.14209115,NA,
Arnoglossum.atriplicifolium,0.12,11.38957055,NA,
Arnoglossum.atriplicifolium,1.47,14.34699454,NA,
Arnoglossum.atriplicifolium,1.12,12.01035197,NA,
Arnoglossum.atriplicifolium,1.35,10.27843137,NA,
Arnoglossum.atriplicifolium,1.55,12.88336933,NA,
Arnoglossum.atriplicifolium,1.2,12.25673014,NA,
Arnoglossum.atriplicifolium,1.7,12.60454545,NA,
Artemisia.campestris,NA,NA,0.120833333,kew
Asclepias.syriaca,1.23,13.27108014,6.216625,field
Asclepias.syriaca,1.05,13.68648019,NA,
Asclepias.syriaca,1.17,13.6827957,NA,
Asclepias.syriaca,1.11,13.92476489,NA,
Asclepias.syriaca,1.16,14.39126117,NA,
Asclepias.syriaca,1.33,13.47181373,NA,
Asclepias.syriaca,1.28,15.24342857,NA,
Asclepias.syriaca,1.2,15.66745006,NA,
Asclepias.syriaca,1.115,10.37190635,NA,
Asclepias.syriaca,1.31,14.62909091,NA,
Asclepias.syriaca,1.325,14.71732817,NA,
Asclepias.syriaca,1.22,14.33364929,NA,
Asclepias.syriaca,1.3,15.99057493,NA,
Asclepias.syriaca,1.22,14.08689139,NA,
Asclepias.syriaca,1.38,15.60157791,NA,
Asclepias.syriaca,1.18,12.88767551,NA,
Asclepias.syriaca,1.38,15.24220624,NA,
Asclepias.syriaca,1.25,15.2647334,NA,
Asclepias.syriaca,1.065,13.22473246,NA,
Asclepias.syriaca,1.27,14.38733706,NA,
Asclepias.tuberosa,0.6,18.66666667,6.793888889,field
Asclepias.tuberosa,0.6,18.20779221,NA,
Asclepias.tuberosa,0.415,21.51851852,NA,
Asclepias.tuberosa,0.41,19.52830189,NA,
Asclepias.tuberosa,0.65,17.52631579,NA,
Asclepias.tuberosa,0.535,19.64583333,NA,
Asclepias.tuberosa,0.59,17.5,NA,
Asclepias.tuberosa,0.555,17.74509804,NA,
Asclepias.tuberosa,0.685,15.44230769,NA,
Asclepias.tuberosa,0.615,14.1875,NA,
Asclepias.tuberosa,0.435,20.04175365,NA,
Asclepias.tuberosa,0.5,18.37931034,NA,
Asclepias.tuberosa,0.415,21.125,NA,
Asclepias.tuberosa,0.455,19.90740741,NA,
Asclepias.tuberosa,0.625,14.98076923,NA,
Asclepias.tuberosa,0.55,15.42622951,NA,
Asclepias.tuberosa,0.525,17.91596639,NA,
Asclepias.tuberosa,0.585,22.60714286,NA,
Asclepias.tuberosa,0.555,18.92592593,NA,
Asclepias.tuberosa,0.615,20,NA,
Asclepias.verticillata,NA,NA,2.199,field
Astragalus.canadensis,NA,NA,1.741176471,field
Baptisia.lactea,1.13,NA,16.42,field
Baptisia.lactea,0.91,NA,NA,
Baptisia.lactea,0.93,NA,NA,
Baptisia.lactea,0.9,NA,NA,
Baptisia.lactea,0.82,NA,NA,
Baptisia.lactea,1.12,NA,NA,
Baptisia.lactea,1.03,NA,NA,
Baptisia.lactea,1.18,NA,NA,
Baptisia.lactea,0.98,NA,NA,
Baptisia.lactea,0.835,NA,NA,
Baptisia.lactea,0.98,NA,NA,
Baptisia.lactea,0.99,NA,NA,
Baptisia.lactea,0.93,NA,NA,
Baptisia.lactea,0.865,NA,NA,
Baptisia.lactea,0.97,NA,NA,
Baptisia.lactea,0.86,NA,NA,
Baptisia.lactea,0.955,NA,NA,
Baptisia.lactea,0.865,NA,NA,
Baptisia.lactea,0.71,NA,NA,
Baptisia.lactea,0.85,NA,NA,
Barbarea.vulgaris,NA,NA,0.596909091,kew
Berteroa.incana,NA,NA,0.384875,kew
Bouteloua.curtipendula,0.44,8.958762887,1.618333333,field
Bouteloua.curtipendula,0.5,11.85416667,NA,
Bouteloua.curtipendula,0.42,13.23404255,NA,
Bouteloua.curtipendula,0.42,8.283185841,NA,
Bouteloua.curtipendula,0.44,11.02325581,NA,
Bouteloua.curtipendula,0.42,16.13636364,NA,
Bouteloua.curtipendula,0.43,10.08490566,NA,
Bouteloua.curtipendula,0.4,14.42857143,NA,
Bouteloua.curtipendula,0.38,6.50877193,NA,
Bouteloua.curtipendula,0.44,13.2826087,NA,
Bouteloua.curtipendula,0.48,10.93181818,NA,
Bouteloua.curtipendula,0.44,13.25,NA,
Bouteloua.curtipendula,0.4,16.61538462,NA,
Bouteloua.curtipendula,0.34,11.86320755,NA,
Bouteloua.curtipendula,0.79,15.1509434,NA,
Bouteloua.curtipendula,0.7,12.70491803,NA,
Bouteloua.curtipendula,0.55,5.167714885,NA,
Bouteloua.curtipendula,0.37,10.68,NA,
Bouteloua.curtipendula,0.33,5.142857143,NA,
Bouteloua.curtipendula,0.47,9.671641791,NA,
Brickellia.eupatorioides,NA,NA,0.94,field
Bromus.inermis,0.72,18.50724638,2.857142857,field
Bromus.inermis,0.85,15.4047619,NA,
Bromus.inermis,0.56,18.27380952,NA,
Bromus.inermis,0.64,16.58333333,NA,
Bromus.inermis,0.65,16.86,NA,
Bromus.inermis,0.585,15.01724138,NA,
Bromus.inermis,0.695,16.33928571,NA,
Bromus.inermis,0.845,18.81081081,NA,
Bromus.inermis,0.58,17.04545455,NA,
Bromus.inermis,0.7,15.34042553,NA,
Bromus.inermis,0.68,13.88888889,NA,
Bromus.inermis,0.75,15.26530612,NA,
Bromus.inermis,0.62,17.17307692,NA,
Bromus.inermis,0.645,15.48979592,NA,
Bromus.inermis,0.69,18.16,NA,
Bromus.inermis,0.74,13.26190476,NA,
Bromus.inermis,0.54,12.63636364,NA,
Bromus.inermis,0.64,16.19148936,NA,
Bromus.inermis,0.855,17.3372093,NA,
Bromus.inermis,0.9,16.453125,NA,
Bromus.kalmii,NA,NA,2.575333333,field
Calamagrostis.canadensis,NA,NA,0.0985,field
Carex.annectens,NA,NA,0.43,field
Carex.bicknellii,NA,NA,1.315,field
Carex.brevior,NA,NA,0.89,field
Carex.crinita,NA,NA,0.671857143,field
Carex.granularis,NA,NA,0.492,field
Carex.normalis,NA,NA,0.73,field
Carex.pellita,NA,NA,1.8,field
Ceanothus.americanus,NA,NA,3.419625,field
Celastrus.orbiculatus,NA,NA,9.825555556,kew
Centaurea.stoebe,1,NA,NA,
Centaurea.stoebe,1.1,NA,NA,
Centaurea.stoebe,1.07,NA,NA,
Centaurea.stoebe,0.99,NA,NA,
Centaurea.stoebe,1.08,NA,NA,
Centaurea.stoebe,0.98,NA,NA,
Centaurea.stoebe,1.06,NA,NA,
Centaurea.stoebe,1.21,NA,NA,
Centaurea.stoebe,1.37,NA,NA,
Centaurea.stoebe,0.91,NA,NA,
Centaurea.stoebe,1.3,NA,NA,
Centaurea.stoebe,1.12,NA,NA,
Centaurea.stoebe,1.23,NA,NA,
Centaurea.stoebe,1.12,NA,NA,
Centaurea.stoebe,1.14,NA,NA,
Centaurea.stoebe,1.21,NA,NA,
Centaurea.stoebe,1.04,NA,NA,
Centaurea.stoebe,0.95,NA,NA,
Centaurea.stoebe,1.07,NA,NA,
Centaurea.stoebe,1.03,NA,NA,
Cerastium.fontanum,NA,NA,0.14117,kew
Cerastium.pumilum,NA,NA,0.046,kew
Chamaecrista.fasciculata,NA,NA,8.603636364,field
Chenopodium.album,NA,NA,0.718166667,kew
Cichorium.intybus,NA,NA,3.326153846,kew
Cirsium.arvense,NA,NA,1.303894737,kew
Conyza.canadensis,NA,NA,0.057357143,kew
Coreopsis.lanceolata,0.127,16.09677419,1.306545455,field
Coreopsis.lanceolata,0.1143,18.85714286,NA,
Coreopsis.lanceolata,0.0889,16.9,NA,
Coreopsis.lanceolata,0.1524,14.775,NA,
Coreopsis.lanceolata,0.10795,18.36363636,NA,
Coreopsis.lanceolata,0.2032,15.46666667,NA,
Coreopsis.lanceolata,0.1397,17.5625,NA,
Coreopsis.lanceolata,0.12065,15.875,NA,
Coreopsis.lanceolata,0.17145,17.92857143,NA,
Coreopsis.lanceolata,0.127,15.89473684,NA,
Coreopsis.lanceolata,0.1397,19.09090909,NA,
Coreopsis.lanceolata,0.04445,16.42307692,NA,
Coreopsis.lanceolata,0.1143,17.27586207,NA,
Coreopsis.lanceolata,0.1143,13.86956522,NA,
Coreopsis.lanceolata,0.14605,15.40425532,NA,
Coreopsis.lanceolata,0.17145,17.52173913,NA,
Coreopsis.lanceolata,0.1905,16.61538462,NA,
Coreopsis.lanceolata,0.0762,14.14545455,NA,
Coreopsis.lanceolata,0.0889,15.95,NA,
Coreopsis.lanceolata,0.06985,16.4,NA,
Coreopsis.palmata,NA,NA,1.9895,field
Coreopsis.tinctoria,NA,NA,0.29,field
Coreopsis.tripteris,NA,7.86036036,2.56,field
Coreopsis.tripteris,NA,8.07112069,NA,
Coreopsis.tripteris,NA,7.198591549,NA,
Coreopsis.tripteris,NA,8.83880597,NA,
Coreopsis.tripteris,NA,9.427536232,NA,
Coreopsis.tripteris,NA,10.15361446,NA,
Coreopsis.tripteris,NA,8.478927203,NA,
Coreopsis.tripteris,NA,8.38317757,NA,
Coreopsis.tripteris,NA,8.162303665,NA,
Coreopsis.tripteris,NA,8.96373057,NA,
Coreopsis.tripteris,NA,8.402671756,NA,
Coreopsis.tripteris,NA,9.059620596,NA,
Coreopsis.tripteris,NA,7.988826816,NA,
Coreopsis.tripteris,NA,8.722222222,NA,
Coreopsis.tripteris,NA,9.319410319,NA,
Coreopsis.tripteris,NA,8.72,NA,
Coreopsis.tripteris,NA,7.893353941,NA,
Coreopsis.tripteris,NA,7.953703704,NA,
Cornus,NA,NA,58.94433681,kew
Cyperus.strigosus,NA,NA,0.354666667,kew
Dactylis.glomerata,NA,NA,0.884960784,kew
Dalea.candida,NA,NA,2.606733333,field
Dalea.purpurea,NA,NA,3.457272727,field
Daucus.carota,0.865,7.165306122,1.101988235,kew
Daucus.carota,0.93,4.162790698,NA,
Daucus.carota,0.775,4.814102564,NA,
Daucus.carota,0.85,7.53,NA,
Daucus.carota,0.97,5.117647059,NA,
Daucus.carota,0.95,12.7005988,NA,
Daucus.carota,0.67,5.055214724,NA,
Daucus.carota,0.65,3.157407407,NA,
Daucus.carota,0.835,5.250704225,NA,
Daucus.carota,1.14,5.694677871,NA,
Daucus.carota,0.795,6,NA,
Daucus.carota,1.165,3.130136986,NA,
Daucus.carota,0.96,5.492537313,NA,
Daucus.carota,1.005,4.139784946,NA,
Daucus.carota,0.795,5.71957672,NA,
Daucus.carota,1.015,6.371549894,NA,
Daucus.carota,1.13,6.430769231,NA,
Daucus.carota,0.95,6.213636364,NA,
Daucus.carota,1.65,4.975694444,NA,
Daucus.carota,1.12,4.493506494,NA,
Desmanthus.illinoensis,NA,NA,5.987571429,field
Desmodium.canadense,1.18,15.4,5.195555556,field
Desmodium.canadense,1.055,17.30405405,NA,
Desmodium.canadense,1.275,17.01904762,NA,
Desmodium.canadense,1.205,19.5826087,NA,
Desmodium.canadense,0.95,16.19337017,NA,
Desmodium.canadense,0.95,16.61290323,NA,
Desmodium.canadense,1.18,19.16438356,NA,
Desmodium.canadense,1.28,15.7278481,NA,
Desmodium.canadense,0.89,15.90131579,NA,
Desmodium.canadense,1.18,16.0610687,NA,
Desmodium.canadense,1.07,17.01282051,NA,
Desmodium.canadense,1.05,14.59116022,NA,
Desmodium.canadense,1.185,17.26666667,NA,
Desmodium.canadense,1.245,15.09868421,NA,
Desmodium.canadense,1.19,16.51666667,NA,
Desmodium.canadense,1.3,16.22556391,NA,
Desmodium.canadense,1.175,17.61805556,NA,
Desmodium.canadense,1.135,17.09550562,NA,
Desmodium.canadense,1.215,15.90517241,NA,
Desmodium.canadense,1.105,16.20642202,NA,
Desmodium.illinoense,NA,NA,6.6,field
Desmodium.paniculatum,NA,NA,3.192,kew
Desmodium.rigidum,NA,NA,2.537,kew
Dianthus.armeria,NA,NA,0.711428571,kew
Dichanthelium.clandestinum,0.99,22.71934922,NA,
Dichanthelium.clandestinum,1.01,21.62887828,NA,
Dichanthelium.clandestinum,0.92,24.4806338,NA,
Dichanthelium.clandestinum,NA,18.56731165,NA,
Dichanthelium.clandestinum,1.15,22.36206897,NA,
Dichanthelium.clandestinum,1.02,17.04991587,NA,
Dichanthelium.clandestinum,0.86,20.17037037,NA,
Dichanthelium.clandestinum,NA,22.66348774,NA,
Dichanthelium.clandestinum,NA,19.33201385,NA,
Dichanthelium.clandestinum,NA,24.9127907,NA,
Dichanthelium.clandestinum,NA,19.09090909,NA,
Dichanthelium.clandestinum,1.21,23.39879154,NA,
Dichanthelium.clandestinum,NA,27.72300469,NA,
Dichanthelium.clandestinum,NA,24.24258199,NA,
Dichanthelium.clandestinum,NA,25.48667439,NA,
Dichanthelium.clandestinum,1,22.30944255,NA,
Dichanthelium.clandestinum,NA,23.75167785,NA,
Dichanthelium.clandestinum,1.1,21.17647059,NA,
Dichanthelium.clandestinum,1.13,17.43622449,NA,
Dichanthelium.clandestinum,NA,26.46464646,NA,
Digitaria.cognata,NA,NA,0.55,kew
Echinacea.angustifolia,NA,NA,138.3555556,field
Echinacea.angustifolia,NA,NA,138.3555556,kew
Echinacea.pallida,0.47,9.460176991,5.66,field
Echinacea.pallida,0.355,7.676190476,NA,
Echinacea.pallida,0.56,11.0042735,NA,
Echinacea.pallida,0.4,9.435406699,NA,
Echinacea.pallida,0.485,9.883435583,NA,
Echinacea.pallida,0.54,7.587378641,NA,
Echinacea.pallida,0.555,8.77238806,NA,
Echinacea.pallida,0.51,9.541284404,NA,
Echinacea.pallida,0.715,11.44654088,NA,
Echinacea.pallida,0.725,11.96153846,NA,
Echinacea.pallida,0.91,10.16170213,NA,
Echinacea.pallida,0.49,9.245070423,NA,
Echinacea.pallida,0.565,10.87943262,NA,
Echinacea.pallida,0.785,7.615384615,NA,
Echinacea.pallida,0.64,9.909090909,NA,
Echinacea.pallida,0.86,9.544891641,NA,
Echinacea.pallida,0.61,9.886597938,NA,
Echinacea.pallida,0.62,9.013157895,NA,
Echinacea.pallida,0.565,10.44021739,NA,
Echinacea.pallida,0.675,9.438596491,NA,
Echinacea.purpurea,0.78,13.69852941,2.42,field
Echinacea.purpurea,0.65,12.21674877,NA,
Echinacea.purpurea,0.61,13.08368201,NA,
Echinacea.purpurea,0.6,NA,NA,
Echinacea.purpurea,0.66,11.61732852,NA,
Echinacea.purpurea,0.84,13.03968254,NA,
Echinacea.purpurea,0.51,14.00943396,NA,
Echinacea.purpurea,0.72,10.22674419,NA,
Echinacea.purpurea,0.72,13.90434783,NA,
Echinacea.purpurea,0.51,12.70454545,NA,
Echinacea.purpurea,0.76,14.63481229,NA,
Echinacea.purpurea,0.65,11.95238095,NA,
Echinacea.purpurea,0.68,13.56016598,NA,
Echinacea.purpurea,0.62,NA,NA,
Echinacea.purpurea,0.775,13.90636704,NA,
Echinacea.purpurea,0.72,13.84615385,NA,
Echinacea.purpurea,0.68,12.11386139,NA,
Echinacea.purpurea,0.73,9.132420091,NA,
Echinacea.purpurea,0.675,12.54310345,NA,
Echinacea.purpurea,0.71,11.33333333,NA,
Elaeagnus.umbellata,NA,NA,14.683,kew
Elymus.canadensis,0.71,13.38867925,4.265,field
Elymus.canadensis,0.81,NA,NA,
Elymus.canadensis,0.75,12.28685259,NA,
Elymus.canadensis,1.12,13.65868263,NA,
Elymus.canadensis,0.85,12.54697987,NA,
Elymus.canadensis,0.97,9.508287293,NA,
Elymus.canadensis,0.79,14.65652174,NA,
Elymus.canadensis,0.98,14.96956522,NA,
Elymus.canadensis,0.91,12.00722022,NA,
Elymus.canadensis,0.82,9.328502415,NA,
Elymus.canadensis,0.79,12.74740484,NA,
Elymus.canadensis,0.87,13.14529915,NA,
Elymus.canadensis,0.91,15.02112676,NA,
Elymus.canadensis,1.1,6.214745176,NA,
Elymus.canadensis,0.76,13.06785714,NA,
Elymus.canadensis,1.015,12.73958333,NA,
Elymus.canadensis,1.23,11.96696697,NA,
Elymus.canadensis,0.87,14.06593407,NA,
Elymus.canadensis,0.92,13.09756098,NA,
Elymus.canadensis,0.9,11.45454545,NA,
Elymus.repens,0.485,15.3442623,4.27,field
Elymus.repens,0.84,15.81132075,NA,
Elymus.repens,0.56,13.66174056,NA,
Elymus.repens,0.605,15.7195122,NA,
Elymus.repens,0.64,17.67164179,NA,
Elymus.repens,0.43,17.35555556,NA,
Elymus.repens,0.525,17.22,NA,
Elymus.repens,0.61,20,NA,
Elymus.repens,0.52,22.6779661,NA,
Elymus.repens,0.66,23.08,NA,
Elymus.repens,0.69,18.16216216,NA,
Elymus.repens,0.65,16.6,NA,
Elymus.repens,0.61,22.33333333,NA,
Elymus.repens,0.575,19.46875,NA,
Elymus.repens,0.55,14.78571429,NA,
Elymus.repens,0.63,18.22413793,NA,
Elymus.repens,0.755,15.890625,NA,
Elymus.repens,0.76,18.5,NA,
Elymus.repens,0.67,19.89855072,NA,
Elymus.repens,0.56,19.34545455,NA,
Elymus.villosus,NA,NA,3.428,field
Elymus.virginicus,NA,NA,5.089909091,field
Erigeron,0.74,29.5625,0.047142857,kew
Erigeron,0.63,24.65,NA,
Erigeron,0.64,22.67741935,NA,
Erigeron,0.77,29.70588235,NA,
Erigeron,0.675,26.5,NA,
Erigeron,0.8,21.70967742,NA,
Erigeron,0.555,23.12903226,NA,
Erigeron,0.67,22.90909091,NA,
Erigeron,0.825,15.71590909,NA,
Erigeron,0.61,30.10714286,NA,
Erigeron,0.78,20.21621622,NA,
Erigeron,0.68,31.2173913,NA,
Erigeron,0.665,22.93939394,NA,
Erigeron,0.795,25.76923077,NA,
Erigeron,0.62,15.9375,NA,
Erigeron,0.74,24.71794872,NA,
Erigeron,0.755,26.36842105,NA,
Erigeron,0.82,25.425,NA,
Erigeron,0.67,22.25581395,NA,
Erigeron,0.755,27.875,NA,
Eryngium.yuccifolium,1.1,8.768316832,3.82,field
Eryngium.yuccifolium,0.94,10.14782609,NA,
Eryngium.yuccifolium,0.87,9.394594595,NA,
Eryngium.yuccifolium,1.1,7.26328125,NA,
Eryngium.yuccifolium,1.04,9.028301887,NA,
Eryngium.yuccifolium,0.94,8.88021978,NA,
Eryngium.yuccifolium,0.89,11.615,NA,
Eryngium.yuccifolium,0.79,8.33963964,NA,
Eryngium.yuccifolium,0.97,9.168181818,NA,
Eryngium.yuccifolium,0.69,10.15084746,NA,
Eryngium.yuccifolium,1.01,8.6,NA,
Eryngium.yuccifolium,1.08,9.515,NA,
Eryngium.yuccifolium,1.12,9.166666667,NA,
Eryngium.yuccifolium,1.18,7.215584416,NA,
Eryngium.yuccifolium,0.99,8.38358209,NA,
Eryngium.yuccifolium,1.2,8.829090909,NA,
Eryngium.yuccifolium,0.97,10.6527027,NA,
Eryngium.yuccifolium,1.18,8.695522388,NA,
Eryngium.yuccifolium,1.02,8.496385542,NA,
Eryngium.yuccifolium,1.15,11.18717949,NA,
Eupatorium.maculatum,NA,NA,0.27875,field
Eupatorium.perfoliatum,NA,NA,0.105875,field
Eupatorium.purpureum,NA,NA,0.45,field
Euphorbia.corollata,NA,NA,3.79,kew
Fallopia.convolvulus,NA,NA,6.7,kew
Fragaria.virginiana,NA,NA,0.464142857,kew
Gentiana.andrewsii,NA,NA,0.05875,field
Geranium.maculatum,NA,NA,6.07,kew
Geum.canadense,NA,NA,7.23425,kew
Helianthus.giganteus,NA,NA,3.228,field
Helianthus.grosseserratus,NA,NA,1.97,field
Helianthus.mollis,NA,NA,4.742857143,field
Helianthus.occidentalis,NA,NA,2.265714286,field
Helianthus.pauciflorus,NA,NA,7.77,field
Helianthus.strumosus,NA,NA,5.27,field
Heliopsis.helianthoides,1.3,22.91595197,4.506,field
Heliopsis.helianthoides,1.24,18.48464619,NA,
Heliopsis.helianthoides,1.02,17.22027972,NA,
Heliopsis.helianthoides,1.1,23.02953586,NA,
Heliopsis.helianthoides,1.34,21.77130045,NA,
Heliopsis.helianthoides,1.32,21.17056856,NA,
Heliopsis.helianthoides,1.16,16.99611327,NA,
Heliopsis.helianthoides,1.38,18.39067055,NA,
Heliopsis.helianthoides,1.35,23.71702638,NA,
Heliopsis.helianthoides,1.31,17.92056075,NA,
Heliopsis.helianthoides,1.48,14.58930277,NA,
Heliopsis.helianthoides,0.91,18.1016731,NA,
Heliopsis.helianthoides,1.205,22.192639,NA,
Heliopsis.helianthoides,1.11,18.08254963,NA,
Heliopsis.helianthoides,1.2,18.82352941,NA,
Heliopsis.helianthoides,1.25,15.250501,NA,
Heliopsis.helianthoides,1.22,24.05772496,NA,
Heliopsis.helianthoides,1.45,19.64996022,NA,
Heliopsis.helianthoides,1.31,18.928,NA,
Heliopsis.helianthoides,1.43,18.39192221,NA,
Hieracium,0.23622,20.18719212,0.273333333,kew
Hieracium,0.17018,21.85258964,NA,
Hieracium,0.08255,22.02472952,NA,
Hieracium,0.108204,26.93478261,NA,
Hieracium,0.23495,20.85820896,NA,
Hieracium,0.1524,26.71378092,NA,
Hieracium,0.20955,24.11764706,NA,
Hieracium,0.2032,23.19405757,NA,
Hieracium,0.2032,20.75880759,NA,
Hieracium,0.1016,23.29051988,NA,
Hieracium,0.0762,22.91089109,NA,
Hieracium,0.1524,21.70542636,NA,
Hieracium,0.1905,23.83333333,NA,
Hieracium,0.23495,22.55725191,NA,
Hieracium,0.2794,27.62755102,NA,
Hieracium,0.0889,23.95864106,NA,
Hieracium,0.24765,21.82452642,NA,
Hieracium,0.1143,18.06153846,NA,
Hieracium,0.2921,20.5952381,NA,
Hieracium,0.24765,22.38993711,NA,
Hypericum.ascyron,1.33,19.04,0.12,field
Hypericum.ascyron,1.15,16.43333333,NA,
Hypericum.ascyron,1.15,19.8,NA,
Hypericum.ascyron,0.85,17.38333333,NA,
Hypericum.ascyron,1.2,17.28333333,NA,
Hypericum.ascyron,0.83,18.56,NA,
Hypericum.ascyron,1,17.26,NA,
Hypericum.ascyron,1.2,19.66,NA,
Hypericum.ascyron,0.95,15.95,NA,
Hypericum.ascyron,1.22,16.24,NA,
Hypericum.ascyron,1.13,16.42,NA,
Hypericum.ascyron,1.2,17.2,NA,
Hypericum.ascyron,1.25,17.46,NA,
Hypericum.ascyron,1.25,16.875,NA,
Hypericum.ascyron,1.15,15.3,NA,
Hypericum.ascyron,1.22,17.03333333,NA,
Hypericum.ascyron,1.23,16.16666667,NA,
Hypericum.ascyron,1.2,17.7,NA,
Hypericum.ascyron,0.95,15.76666667,NA,
Hypericum.ascyron,0.86,18.03333333,NA,
Hypericum.kalmianum,NA,NA,0.08,kew
Hypericum.perforatum,0.39,27,0.1863,kew
Hypericum.perforatum,0.475,8,NA,
Hypericum.perforatum,0.515,23,NA,
Hypericum.perforatum,0.45,10.75,NA,
Hypericum.perforatum,0.54,17,NA,
Hypericum.perforatum,0.58,6.75,NA,
Hypericum.perforatum,0.44,28,NA,
Hypericum.perforatum,0.53,18.33333333,NA,
Hypericum.perforatum,0.585,14.66666667,NA,
Hypericum.perforatum,0.505,2.666666667,NA,
Hypericum.perforatum,0.52,11.11111111,NA,
Hypericum.perforatum,0.57,16,NA,
Hypericum.perforatum,0.515,15,NA,
Hypericum.perforatum,0.525,5.6,NA,
Hypericum.perforatum,0.63,15.33333333,NA,
Hypericum.perforatum,0.54,23,NA,
Hypericum.perforatum,0.49,6,NA,
Hypericum.perforatum,0.535,10.5,NA,
Hypericum.perforatum,0.48,27,NA,
Hypericum.perforatum,0.485,18,NA,
Hypericum.punctatum,NA,NA,0.04,kew
Hypochaeris.radicata,NA,NA,0.832461538,kew
Juncus.dudleyi,NA,NA,0.01,kew
Juncus.tenuis,0.56,6.346153846,0.0115,field
Juncus.tenuis,0.565,5.909090909,NA,
Juncus.tenuis,0.57,10.4,NA,
Juncus.tenuis,0.505,4.473684211,NA,
Juncus.tenuis,0.49,4.620689655,NA,
Juncus.tenuis,0.645,2.481481481,NA,
Juncus.tenuis,0.6,3.583333333,NA,
Juncus.tenuis,0.5,5.785714286,NA,
Juncus.tenuis,0.4,5.411764706,NA,
Juncus.tenuis,0.54,5.5,NA,
Juncus.tenuis,0.41,4.939393939,NA,
Juncus.tenuis,0.47,3.1,NA,
Juncus.tenuis,0.59,2.625,NA,
Juncus.tenuis,0.38,7.227272727,NA,
Juncus.tenuis,0.66,4.925,NA,
Juncus.tenuis,0.595,1.909090909,NA,
Juncus.tenuis,0.575,4.518518519,NA,
Juncus.tenuis,0.575,4.4,NA,
Juncus.tenuis,0.62,4.2,NA,
Juncus.tenuis,0.51,3.923076923,NA,
Juncus.torreyi,NA,NA,0.0104,field
Koeleria.macrantha,NA,NA,0.320090909,field
Lespedeza.capitata,NA,NA,2.900153846,field
Lespedeza.virginica,NA,NA,1.91,field
Liatris.aspera,NA,NA,2.0125,field
Liatris.cylindracea,NA,NA,3.463,field
Liatris.pycnostachya,NA,NA,1.7875,field
Liatris.spicata,NA,NA,2.997,field
Lobelia.inflata,NA,NA,0.014,field
Lobelia.siphilitica,NA,NA,0.036875,field
Ludwigia.alternifolia,NA,NA,0.029875,field
Lupinus.perennis,0.32,13.9875,22.11488889,field
Lupinus.perennis,0.26,14.49444444,NA,
Lupinus.perennis,0.33,15.66296296,NA,
Lupinus.perennis,0.45,11.93125,NA,
Lupinus.perennis,0.32,13.07586207,NA,
Lupinus.perennis,0.28,9.68125,NA,
Lupinus.perennis,0.3,17.33076923,NA,
Lupinus.perennis,0.33,12.5,NA,
Lupinus.perennis,0.3,11.25294118,NA,
Lupinus.perennis,0.28,12.78571429,NA,
Lupinus.perennis,0.35,14.67142857,NA,
Lupinus.perennis,0.3,15.97058824,NA,
Lupinus.perennis,0.4,14.475,NA,
Lupinus.perennis,0.28,13.48709677,NA,
Lupinus.perennis,0.3,12.27142857,NA,
Lupinus.perennis,0.4,18.12,NA,
Lupinus.perennis,0.35,14.82916667,NA,
Lupinus.perennis,0.33,13.99583333,NA,
Lupinus.perennis,0.37,10.404,NA,
Lupinus.perennis,0.28,13.52,NA,
Lycopus,NA,NA,0.173159722,kew
Maianthemum.racemosum,NA,NA,29.31,kew
Medicago.lupulina,NA,NA,1.562230769,kew
Melilotus,NA,NA,2.253696356,kew
Monarda.fistulosa,0.835,14.63525836,0.385705882,field
Monarda.fistulosa,1.09,13.26894502,NA,
Monarda.fistulosa,0.99,17.24789916,NA,
Monarda.fistulosa,0.9,14.52304394,NA,
Monarda.fistulosa,0.91,12.77987421,NA,
Monarda.fistulosa,0.87,13.91843972,NA,
Monarda.fistulosa,0.89,13.48427673,NA,
Monarda.fistulosa,0.92,14.98233216,NA,
Monarda.fistulosa,0.94,16.20426829,NA,
Monarda.fistulosa,1.03,10.83120205,NA,
Monarda.fistulosa,0.89,14.10958904,NA,
Monarda.fistulosa,1.03,17.7510917,NA,
Monarda.fistulosa,1,15.01905972,NA,
Monarda.fistulosa,0.9,17.04944179,NA,
Monarda.fistulosa,0.84,19.00302115,NA,
Monarda.fistulosa,1.02,13.39181287,NA,
Monarda.fistulosa,0.85,12.49187432,NA,
Monarda.fistulosa,0.98,17.92401628,NA,
Monarda.fistulosa,0.87,19.30029155,NA,
Monarda.fistulosa,0.93,17.30617608,NA,
Monarda.punctata,NA,NA,0.290875,field
Morus.alba,NA,NA,9.66,kew
Muhlenbergia.frondosa,NA,NA,0.12,kew
Oenothera.biennis,NA,NA,0.380866667,field
Oxalis,NA,NA,0.218,kew
Panicum.virgatum,0.985,11.16714697,1.324375,field
Panicum.virgatum,1.035,11.52991453,NA,
Panicum.virgatum,1.4,13.30259366,NA,
Panicum.virgatum,0.805,12.43939394,NA,
Panicum.virgatum,0.955,11.31380753,NA,
Panicum.virgatum,1.2,11.15555556,NA,
Panicum.virgatum,1.32,10.01554404,NA,
Panicum.virgatum,1.41,12.54266212,NA,
Panicum.virgatum,1.185,11.51724138,NA,
Panicum.virgatum,1.58,10.25303293,NA,
Panicum.virgatum,1.355,13.48606811,NA,
Panicum.virgatum,0.94,12.46801347,NA,
Panicum.virgatum,1.245,11.06785714,NA,
Panicum.virgatum,1.205,12.6043956,NA,
Panicum.virgatum,1.175,10.9880597,NA,
Panicum.virgatum,0.97,10.99675325,NA,
Panicum.virgatum,1.005,11.78030303,NA,
Panicum.virgatum,1.105,11.22291022,NA,
Panicum.virgatum,1.355,11.91566265,NA,
Panicum.virgatum,1.095,13.32826748,NA,
Parthenium.integrifolium,0.88,17.38781844,3.08,field
Parthenium.integrifolium,0.86,15.8506635,NA,
Parthenium.integrifolium,NA,13.60502041,NA,
Parthenium.integrifolium,NA,15.36311595,NA,
Parthenium.integrifolium,NA,14.32809104,NA,
Parthenium.integrifolium,NA,11.63076738,NA,
Parthenocissus.quinquefolia,NA,NA,25.877,kew
Penstemon.digitalis,0.65,13.03157895,NA,
Penstemon.digitalis,0.665,10.70588235,NA,
Penstemon.digitalis,0.485,11.82539683,NA,
Penstemon.digitalis,0.59,9.22,NA,
Penstemon.digitalis,0.535,11.27631579,NA,
Penstemon.digitalis,0.55,8.760416667,NA,
Penstemon.digitalis,0.575,10.35227273,NA,
Penstemon.digitalis,0.555,9.597938144,NA,
Penstemon.digitalis,0.505,11.45859873,NA,
Penstemon.digitalis,0.71,11.79439252,NA,
Penstemon.digitalis,0.625,10.53448276,NA,
Penstemon.digitalis,0.585,9.956521739,NA,
Penstemon.digitalis,0.595,10.06422018,NA,
Penstemon.digitalis,0.615,11.58503401,NA,
Penstemon.digitalis,0.675,9.965517241,NA,
Penstemon.digitalis,0.555,11.31343284,NA,
Penstemon.digitalis,0.57,7.921212121,NA,
Penstemon.digitalis,0.45,12.6375,NA,
Penstemon.digitalis,0.735,12.95348837,NA,
Penstemon.digitalis,0.59,11.3,NA,
Penstemon.grandiflorus,NA,NA,1.7975,kew
Penstemon.hirsutus,NA,NA,0.185714286,field
Persicaria,NA,NA,3.9238,kew
Phleum.pratense,0.82,10.19480519,0.368625,kew
Phleum.pratense,0.76,18.29850746,NA,
Phleum.pratense,0.95,16.29126214,NA,
Phleum.pratense,0.86,17.3258427,NA,
Phleum.pratense,0.98,13.87096774,NA,
Phleum.pratense,0.73,19.325,NA,
Phleum.pratense,0.815,15.83950617,NA,
Phleum.pratense,0.89,17.83653846,NA,
Phleum.pratense,0.96,11.78195489,NA,
Phleum.pratense,0.925,13.83211679,NA,
Phleum.pratense,0.76,15.61864407,NA,
Phleum.pratense,0.805,20.46666667,NA,
Phleum.pratense,0.97,18.89552239,NA,
Phleum.pratense,0.91,16.59677419,NA,
Phleum.pratense,0.8,10.26956522,NA,
Phleum.pratense,0.905,10.47524752,NA,
Phleum.pratense,0.78,14.9625,NA,
Phleum.pratense,0.87,10.79032258,NA,
Phleum.pratense,0.76,18.72826087,NA,
Phleum.pratense,0.88,17.38297872,NA,
Plantago.lanceolata,NA,NA,1.44524,kew
Poa.compressa,NA,NA,0.20625,kew
Poa.pratensis,0.345,5.2,0.283368421,field
Poa.pratensis,0.32,0.7,NA,
Poa.pratensis,0.4,2.133333333,NA,
Poa.pratensis,0.31,11.86956522,NA,
Poa.pratensis,0.45,1,NA,
Poa.pratensis,0.34,3.860465116,NA,
Poa.pratensis,0.495,8.416666667,NA,
Poa.pratensis,0.28,7.19047619,NA,
Poa.pratensis,0.285,5.235294118,NA,
Poa.pratensis,0.47,7.071428571,NA,
Poa.pratensis,0.43,2,NA,
Poa.pratensis,0.24,2.75,NA,
Poa.pratensis,0.36,7.714285714,NA,
Poa.pratensis,0.27,1.25,NA,
Poa.pratensis,0.25,10.22222222,NA,
Poa.pratensis,0.29,1.3,NA,
Poa.pratensis,0.31,5.076923077,NA,
Poa.pratensis,0.37,2.5,NA,
Poa.pratensis,0.37,2.4,NA,
Poa.pratensis,0.33,6.6875,NA,
Potentilla.argentea,NA,NA,0.079555556,kew
Potentilla.arguta,0.63,NA,0.16,field
Potentilla.arguta,NA,NA,NA,
Potentilla.arguta,NA,NA,NA,
Potentilla.arguta,NA,NA,NA,
Potentilla.arguta,NA,NA,NA,
Potentilla.arguta,0.67,NA,NA,
Potentilla.arguta,0.64,NA,NA,
Potentilla.arguta,0.675,NA,NA,
Potentilla.arguta,0.55,NA,NA,
Potentilla.arguta,0.745,NA,NA,
Potentilla.arguta,0.675,NA,NA,
Potentilla.arguta,0.69,NA,NA,
Potentilla.recta,0.497,10.06725146,0.277777778,kew
Potentilla.recta,0.507,9.855595668,NA,
Potentilla.recta,0.506,12.94036697,NA,
Potentilla.recta,0.591,14.34868421,NA,
Potentilla.recta,0.522,10.93075356,NA,
Potentilla.recta,0.572,9.993243243,NA,
Potentilla.recta,0.44,13.16129032,NA,
Potentilla.recta,0.49,12.17253521,NA,
Potentilla.recta,0.481,12.11,NA,
Potentilla.recta,0.295,13.7965616,NA,
Potentilla.recta,0.586,8.458860759,NA,
Potentilla.recta,0.479,11.83098592,NA,
Potentilla.recta,0.658,14.59774436,NA,
Potentilla.recta,0.55,13.30487805,NA,
Potentilla.recta,0.372,8.042105263,NA,
Potentilla.recta,0.465,13.25721154,NA,
Potentilla.recta,0.623,15.75757576,NA,
Potentilla.recta,0.44,11.15909091,NA,
Potentilla.recta,0.428,12.74482759,NA,
Potentilla.recta,0.572,13.5372549,NA,
Pseudognaphalium.obtusifolium,NA,NA,0.04,field
Pycnanthemum.tenuifolium,NA,NA,0.07,field
Pycnanthemum.virginianum,NA,NA,0.14,field
Pyrus.calleryana,NA,NA,12.9,kew
Ratibida.pinnata,1.06,8.442372881,0.848571429,field
Ratibida.pinnata,1.01,9,NA,
Ratibida.pinnata,1.08,14.362,NA,
Ratibida.pinnata,1.075,9.915625,NA,
Ratibida.pinnata,1,12.55185185,NA,
Ratibida.pinnata,0.93,12.93421053,NA,
Ratibida.pinnata,0.87,7.571428571,NA,
Ratibida.pinnata,1.01,11.28571429,NA,
Ratibida.pinnata,1.2,10.0972973,NA,
Ratibida.pinnata,1.22,8.280952381,NA,
Ratibida.pinnata,1.045,7.269863014,NA,
Ratibida.pinnata,1.04,9.425531915,NA,
Ratibida.pinnata,1.07,11.26857143,NA,
Ratibida.pinnata,1.1,12.65,NA,
Ratibida.pinnata,1.005,9.340677966,NA,
Ratibida.pinnata,1.13,6.641304348,NA,
Ratibida.pinnata,1.245,12.31290323,NA,
Ratibida.pinnata,0.97,9.795,NA,
Ratibida.pinnata,1.23,7.490410959,NA,
Ratibida.pinnata,1.12,10.97058824,NA,
Rhamnus.cathartica,NA,NA,30.367275,kew
Rhus,NA,NA,8.6705,kew
Rubus.allegheniensis,NA,12.864,2.3903,kew
Rubus.allegheniensis,NA,NA,NA,
Rubus.allegheniensis,NA,13.13880126,NA,
Rubus.allegheniensis,NA,21.07725322,NA,
Rubus.allegheniensis,NA,13.94533762,NA,
Rubus.allegheniensis,NA,15.58108108,NA,
Rubus.allegheniensis,NA,15.55737705,NA,
Rubus.allegheniensis,NA,15.62075134,NA,
Rubus.allegheniensis,NA,20.13888889,NA,
Rubus.allegheniensis,NA,11.3166515,NA,
Rubus.allegheniensis,NA,NA,NA,
Rubus.allegheniensis,NA,17.49326599,NA,
Rubus.allegheniensis,NA,17.3988604,NA,
Rubus.allegheniensis,NA,15.20454545,NA,
Rubus.allegheniensis,NA,16.40037594,NA,
Rubus.allegheniensis,NA,20.74503311,NA,
Rubus.allegheniensis,NA,14.35504202,NA,
Rubus.allegheniensis,NA,20.454039,NA,
Rubus.allegheniensis,NA,16.4116095,NA,
Rubus.allegheniensis,NA,14.56050955,NA,
Rubus.flagellaris,0.328,12.43111111,3.43,kew
Rubus.flagellaris,0.306,17.94,NA,
Rubus.flagellaris,0.283,17.61111111,NA,
Rubus.flagellaris,0.435,13.49361702,NA,
Rubus.flagellaris,0.317,18.85925926,NA,
Rubus.flagellaris,0.216,17.803125,NA,
Rubus.flagellaris,0.403,11.03103448,NA,
Rubus.flagellaris,0.247,10.91,NA,
Rubus.flagellaris,0.54,14.54583333,NA,
Rubus.flagellaris,0.335,11.82307692,NA,
Rubus.flagellaris,0.441,17.41428571,NA,
Rubus.flagellaris,0.522,17.13157895,NA,
Rubus.flagellaris,0.374,15.33777778,NA,
Rubus.flagellaris,0.409,13.61818182,NA,
Rubus.flagellaris,0.415,15.64358974,NA,
Rubus.flagellaris,0.285,13.19,NA,
Rubus.flagellaris,0.313,18.82916667,NA,
Rubus.flagellaris,0.462,8.652173913,NA,
Rubus.flagellaris,0.363,14.12857143,NA,
Rubus.flagellaris,0.426,15.74166667,NA,
Rubus.occidentalis,NA,NA,1.37875,kew
Rudbeckia.fulgida,NA,NA,0.5,field
Rudbeckia.hirta,0.51,21.85714286,1.195882353,field
Rudbeckia.hirta,0.58,23.73529412,NA,
Rudbeckia.hirta,0.8,18.96721311,NA,
Rudbeckia.hirta,0.435,19.39583333,NA,
Rudbeckia.hirta,0.44,23.75555556,NA,
Rudbeckia.hirta,0.61,24.86538462,NA,
Rudbeckia.hirta,0.41,24.29268293,NA,
Rudbeckia.hirta,0.37,16.60638298,NA,
Rudbeckia.hirta,0.65,23.2972973,NA,
Rudbeckia.hirta,0.27,23,NA,
Rudbeckia.hirta,0.47,19.66666667,NA,
Rudbeckia.hirta,0.5,15.7751938,NA,
Rudbeckia.hirta,0.42,18.05333333,NA,
Rudbeckia.hirta,0.38,17.72277228,NA,
Rudbeckia.hirta,0.45,23.20454545,NA,
Rudbeckia.hirta,0.48,15.56589147,NA,
Rudbeckia.hirta,0.44,19.9245283,NA,
Rudbeckia.hirta,0.605,22.77358491,NA,
Rudbeckia.hirta,0.54,25.58064516,NA,
Rudbeckia.hirta,0.44,21.20512821,NA,
Rudbeckia.laciniata,NA,NA,2.3925,field
Rudbeckia.subtomentosa,NA,NA,0.94,field
Rudbeckia.triloba,NA,NA,0.77,field
Rumex.acetosella,NA,NA,0.69428,kew
Rumex.crispus,NA,NA,1.562130435,kew
Saponaria.officinalis,NA,NA,1.662545455,kew
Sassafras.albidum,NA,NA,78.685,kew
Schizachyrium.scoparium,1.13,14.50901804,1.466666667,field
Schizachyrium.scoparium,0.91,19.12820513,NA,
Schizachyrium.scoparium,1.05,16.04046243,NA,
Schizachyrium.scoparium,1.04,16.33858268,NA,
Schizachyrium.scoparium,1.5,13.71428571,NA,
Schizachyrium.scoparium,1.02,14.29878049,NA,
Schizachyrium.scoparium,1.02,19.84555985,NA,
Schizachyrium.scoparium,0.95,18.92376682,NA,
Schizachyrium.scoparium,0.87,11.09489051,NA,
Schizachyrium.scoparium,1.11,16.25,NA,
Schizachyrium.scoparium,1.08,17.86290323,NA,
Schizachyrium.scoparium,1.24,6.230769231,NA,
Schizachyrium.scoparium,0.88,14.82993197,NA,
Schizachyrium.scoparium,0.96,11.71232877,NA,
Schizachyrium.scoparium,1.05,16.59482759,NA,
Schizachyrium.scoparium,1.1,12.75058275,NA,
Schizachyrium.scoparium,0.86,14.84662577,NA,
Schizachyrium.scoparium,1.06,14.70588235,NA,
Schizachyrium.scoparium,0.86,13.93316195,NA,
Schizachyrium.scoparium,0.95,13.91959799,NA,
Scrophularia.lanceolata,NA,NA,0.159285714,
Senna.hebecarpa,0.93,12.68965517,NA,
Senna.hebecarpa,1.34,14.07359307,NA,
Senna.hebecarpa,1.04,15.40444444,NA,
Senna.hebecarpa,0.89,14.39864865,NA,
Senna.hebecarpa,0.97,13.7250996,NA,
Senna.hebecarpa,0.89,12.55744681,NA,
Senna.hebecarpa,1.05,12.84073507,NA,
Senna.hebecarpa,1,12.93900482,NA,
Senna.hebecarpa,0.99,NA,NA,
Senna.hebecarpa,1.08,15.14825581,NA,
Senna.hebecarpa,0.9,12.34782609,NA,
Senna.hebecarpa,0.93,14.62346521,NA,
Senna.hebecarpa,1.01,14.66251944,NA,
Senna.hebecarpa,1.1,14.30031949,NA,
Senna.hebecarpa,1.11,14.15994624,NA,
Senna.hebecarpa,1.1,12.40559441,NA,
Senna.hebecarpa,1.1,13.12745098,NA,
Senna.hebecarpa,1.12,12.90506329,NA,
Senna.hebecarpa,0.99,NA,NA,
Senna.hebecarpa,1.03,14.44352617,NA,
Setaria,NA,NA,1.114048148,kew
Silene.latifolia,0.3683,12.93478261,0.776363636,kew
Silene.latifolia,0.5461,24.25,NA,
Silene.latifolia,0.4826,9.816326531,NA,
Silene.latifolia,0.26035,7.080645161,NA,
Silene.latifolia,0.3302,33.25,NA,
Silene.latifolia,0.3302,52.89285714,NA,
Silene.latifolia,0.3937,19.08823529,NA,
Silene.latifolia,0.3429,20.625,NA,
Silene.latifolia,0.3048,12.3559322,NA,
Silene.latifolia,0.4318,39.34210526,NA,
Silene.latifolia,0.28575,8.517241379,NA,
Silene.latifolia,0.45085,24.22222222,NA,
Silene.latifolia,0.4572,30,NA,
Silene.latifolia,0.22225,17.65517241,NA,
Silene.latifolia,0.3175,17.81481481,NA,
Silene.latifolia,0.36195,30.03225806,NA,
Silene.latifolia,0.23495,19.85714286,NA,
Silene.latifolia,0.4572,35.5,NA,
Silene.latifolia,0.4953,15.75,NA,
Silene.latifolia,0.2794,24.20833333,NA,
Silphium.integrifolium,NA,NA,30.65,field
Silphium.laciniatum,NA,8.232894737,78.05,kew
Silphium.laciniatum,NA,6.071781534,NA,
Silphium.laciniatum,NA,8.303967538,NA,
Silphium.laciniatum,NA,5.901492537,NA,
Silphium.perfoliatum,1.85,12.85778945,6.85,field
Silphium.perfoliatum,2.25,10.99063645,NA,
Silphium.perfoliatum,1.55,10.43835907,NA,
Silphium.perfoliatum,1.45,11.04977876,NA,
Silphium.perfoliatum,1.95,13.40144665,NA,
Silphium.perfoliatum,2.15,12.07738542,NA,
Silphium.perfoliatum,1.55,13.47918244,NA,
Silphium.perfoliatum,1.65,10.64883575,NA,
Silphium.perfoliatum,2.15,11.88761777,NA,
Silphium.perfoliatum,2.05,12.59019426,NA,
Silphium.perfoliatum,1.35,13.15115969,NA,
Silphium.perfoliatum,1.55,10.64879882,NA,
Silphium.perfoliatum,1.5,10.58581236,NA,
Silphium.perfoliatum,1.63,14.04411765,NA,
Silphium.perfoliatum,1.45,13.95010725,NA,
Silphium.perfoliatum,1.65,13.32879346,NA,
Silphium.perfoliatum,2.3,12.62077105,NA,
Silphium.perfoliatum,2.22,10.56724782,NA,
Silphium.perfoliatum,1.85,13.11786038,NA,
Silphium.perfoliatum,1.95,12.2345954,NA,
Solanum.carolinense,0.65,11.85483871,2.44,kew
Solanum.carolinense,0.445,13.38271605,NA,
Solanum.carolinense,0.485,14.37209302,NA,
Solanum.carolinense,0.55,17.57251908,NA,
Solanum.carolinense,0.715,12.65625,NA,
Solanum.carolinense,0.54,15.05192425,NA,
Solanum.carolinense,0.61,13.60330579,NA,
Solanum.carolinense,0.28,25.79166667,NA,
Solanum.carolinense,0.795,15.41176471,NA,
Solanum.carolinense,0.765,14.53448276,NA,
Solanum.carolinense,0.38,14.31372549,NA,
Solanum.carolinense,0.51,13.71900826,NA,
Solanum.carolinense,0.38,15.6448203,NA,
Solanum.carolinense,0.42,13.43003413,NA,
Solanum.carolinense,0.62,16.89285714,NA,
Solanum.carolinense,0.625,19.86956522,NA,
Solanum.carolinense,0.51,12.47208931,NA,
Solanum.carolinense,0.64,12.29850746,NA,
Solanum.carolinense,0.48,11.27192982,NA,
Solanum.carolinense,0.455,14.16666667,NA,
Solidago.canadensis,1.16,19.13705584,0.09736,field
Solidago.canadensis,1.115,20.07968127,NA,
Solidago.canadensis,1.225,19.5709571,NA,
Solidago.canadensis,1.165,22.49350649,NA,
Solidago.canadensis,1.19,18.89175258,NA,
Solidago.canadensis,1.19,22.74774775,NA,
Solidago.canadensis,1.225,19.26380368,NA,
Solidago.canadensis,1.27,21.12600536,NA,
Solidago.canadensis,1.115,15.74675325,NA,
Solidago.canadensis,1.07,17.09876543,NA,
Solidago.canadensis,1.05,15.92857143,NA,
Solidago.canadensis,1.11,19.11016949,NA,
Solidago.canadensis,1.075,19.41176471,NA,
Solidago.canadensis,1.19,19.85815603,NA,
Solidago.canadensis,1.29,15.25872443,NA,
Solidago.canadensis,1.24,19.18918919,NA,
Solidago.canadensis,0.975,17.65578635,NA,
Solidago.canadensis,1.09,20.53475936,NA,
Solidago.canadensis,1.29,18.82211538,NA,
Solidago.canadensis,1.225,20.53691275,NA,
Solidago.juncea,NA,NA,0.367571429,field
Solidago.riddellii,NA,NA,0.2,field
Solidago.rigida,NA,11.46756757,0.754444444,field
Solidago.rigida,NA,7.751211632,NA,
Solidago.rigida,NA,9.375907112,NA,
Solidago.rigida,NA,9.052173913,NA,
Solidago.rigida,NA,8.665893271,NA,
Solidago.rigida,NA,8.530079455,NA,
Solidago.rigida,NA,7.19630485,NA,
Solidago.rigida,NA,8.640336134,NA,
Solidago.rigida,NA,7.219164118,NA,
Solidago.rigida,NA,9.859582543,NA,
Solidago.rigida,NA,9.72517321,NA,
Solidago.rigida,NA,8.415026834,NA,
Solidago.rigida,NA,11.34604106,NA,
Solidago.rigida,NA,6.572972973,NA,
Solidago.rigida,NA,6.865074697,NA,
Solidago.rigida,NA,8.438709677,NA,
Solidago.rigida,NA,5.946957878,NA,
Solidago.rigida,NA,8.408510638,NA,
Solidago.rigida,NA,10.94736842,NA,
Solidago.rigida,NA,8.502538071,NA,
Solidago.speciosa,NA,NA,0.285714286,field
Solidago.speciosa,NA,NA,NA,
Solidago.speciosa,NA,NA,NA,
Solidago.speciosa,NA,NA,NA,
Solidago.speciosa,NA,NA,NA,
Solidago.speciosa,NA,NA,NA,
Solidago.speciosa,NA,NA,NA,
Solidago.speciosa,NA,NA,NA,
Solidago.speciosa,NA,NA,NA,
Solidago.speciosa,NA,NA,NA,
Solidago.speciosa,NA,NA,NA,
Solidago.speciosa,NA,NA,NA,
Solidago.speciosa,NA,NA,NA,
Solidago.speciosa,NA,NA,NA,
Solidago.speciosa,NA,NA,NA,
Solidago.speciosa,NA,NA,NA,
Solidago.speciosa,NA,NA,NA,
Solidago.speciosa,NA,NA,NA,
Solidago.speciosa,NA,NA,NA,
Solidago.speciosa,NA,NA,NA,
Sorghastrum.nutans,1.125,14.32055749,1.9438,field
Sorghastrum.nutans,1.19,12.15717723,NA,
Sorghastrum.nutans,1.33,15.05711319,NA,
Sorghastrum.nutans,1.23,12.80381944,NA,
Sorghastrum.nutans,1.29,12.48868778,NA,
Sorghastrum.nutans,1.305,14.21686747,NA,
Sorghastrum.nutans,1.11,14.37794217,NA,
Sorghastrum.nutans,1.32,14.04980341,NA,
Sorghastrum.nutans,1.195,14.16044776,NA,
Sorghastrum.nutans,1.37,11.77734375,NA,
Sorghastrum.nutans,1.22,14.11695447,NA,
Sorghastrum.nutans,1.155,11.79035639,NA,
Sorghastrum.nutans,1.295,16.26955475,NA,
Sorghastrum.nutans,1.18,14.77415666,NA,
Sorghastrum.nutans,1.205,14.26140231,NA,
Sorghastrum.nutans,1.25,12.49360614,NA,
Sorghastrum.nutans,1.3,13.25740319,NA,
Sorghastrum.nutans,1.18,13.05621162,NA,
Sorghastrum.nutans,1.34,13.62807018,NA,
Sorghastrum.nutans,1.18,12.66805267,NA,
Spartina.pectinata,NA,NA,26.91,field
Sporobolus.heterolepis,NA,NA,1.828,field
Taraxacum.officinale,NA,NA,0.682793103,kew
Thalictrum.dasycarpum,NA,NA,2.363333333,field
Thalictrum.dasycarpum,NA,NA,2.363333333,field
Toxicodendron.radicans,NA,NA,16.92153846,kew
Tradescantia.ohiensis,0.935,7.072916667,3.608,field
Tradescantia.ohiensis,0.925,10.18426966,NA,
Tradescantia.ohiensis,0.825,15.93220339,NA,
Tradescantia.ohiensis,0.93,10.40562249,NA,
Tradescantia.ohiensis,0.945,6.782077393,NA,
Tradescantia.ohiensis,0.935,12.2605042,NA,
Tradescantia.ohiensis,0.935,12.28445748,NA,
Tradescantia.ohiensis,0.93,10.52691218,NA,
Tradescantia.ohiensis,0.825,10.29710145,NA,
Tradescantia.ohiensis,1.13,7.592356688,NA,
Tradescantia.ohiensis,0.91,15.78636364,NA,
Tradescantia.ohiensis,0.97,9.96742671,NA,
Tradescantia.ohiensis,0.94,8.925925926,NA,
Tradescantia.ohiensis,1.08,7.813063063,NA,
Tradescantia.ohiensis,0.815,10.62923729,NA,
Tradescantia.ohiensis,0.875,12.3032491,NA,
Tradescantia.ohiensis,1.065,8.692028986,NA,
Tradescantia.ohiensis,0.93,9.19478738,NA,
Tradescantia.ohiensis,0.75,8.990228013,NA,
Tradescantia.ohiensis,0.775,9.395280236,NA,
Tridens.flavus,NA,NA,1.022,kew
Trifolium.arvense,0.345,NA,0.441421053,kew
Trifolium.arvense,0.35,NA,NA,
Trifolium.arvense,0.33,NA,NA,
Trifolium.arvense,0.33,NA,NA,
Trifolium.arvense,0.275,NA,NA,
Trifolium.arvense,0.315,NA,NA,
Trifolium.arvense,0.35,NA,NA,
Trifolium.arvense,0.28,NA,NA,
Trifolium.arvense,0.285,NA,NA,
Trifolium.arvense,0.31,NA,NA,
Trifolium.arvense,0.285,NA,NA,
Trifolium.arvense,0.34,NA,NA,
Trifolium.arvense,0.355,NA,NA,
Trifolium.arvense,NA,NA,NA,
Trifolium.arvense,0.31,NA,NA,
Trifolium.arvense,0.29,NA,NA,
Trifolium.arvense,0.36,NA,NA,
Trifolium.arvense,0.33,NA,NA,
Trifolium.arvense,0.325,NA,NA,
Trifolium.arvense,0.31,NA,NA,
Trifolium.pratense,0.54,23.11842105,1.625952381,kew
Trifolium.pratense,0.495,21.30864198,NA,
Trifolium.pratense,0.545,23.13846154,NA,
Trifolium.pratense,0.295,25.31111111,NA,
Trifolium.pratense,0.42,24.30260047,NA,
Trifolium.pratense,0.57,16.50537634,NA,
Trifolium.pratense,0.52,20.71264368,NA,
Trifolium.pratense,0.375,25.54482759,NA,
Trifolium.pratense,0.53,23.60344828,NA,
Trifolium.pratense,0.46,11.31666667,NA,
Trifolium.pratense,0.44,18.69387755,NA,
Trifolium.pratense,0.565,28.44444444,NA,
Trifolium.pratense,0.53,24.3515625,NA,
Trifolium.pratense,0.35,21.10204082,NA,
Trifolium.pratense,0.38,17.28571429,NA,
Trifolium.pratense,0.41,29.71917808,NA,
Trifolium.pratense,0.46,24.02061856,NA,
Trifolium.pratense,0.37,17.0984456,NA,
Trifolium.pratense,0.45,20.39473684,NA,
Trifolium.pratense,0.51,24.96875,NA,
Trifolium.repens,0.065,15.76190476,0.562466667,kew
Trifolium.repens,0.185,15.6557377,NA,
Trifolium.repens,0.24,19.86767486,NA,
Trifolium.repens,0.16,20.34722222,NA,
Trifolium.repens,0.125,18.4717608,NA,
Trifolium.repens,0.145,14.46043165,NA,
Trifolium.repens,0.135,16.68639053,NA,
Trifolium.repens,0.16,14.32926829,NA,
Trifolium.repens,0.21,17.96511628,NA,
Trifolium.repens,0.125,16.56370656,NA,
Trifolium.repens,0.07,18.95899054,NA,
Trifolium.repens,0.15,15.75851393,NA,
Trifolium.repens,0.24,17.05882353,NA,
Trifolium.repens,0.125,18.61163227,NA,
Trifolium.repens,0.165,12.69372694,NA,
Trifolium.repens,0.17,19.31596091,NA,
Trifolium.repens,0.235,20.4784689,NA,
Trifolium.repens,0.13,14.19525066,NA,
Trifolium.repens,0.2,18.15789474,NA,
Trifolium.repens,0.095,29.1588785,NA,
Triodanis.perfoliata,NA,NA,0.03,kew
Ulmus.pumila,NA,NA,6.216583333,kew
Urtica.dioica,NA,NA,0.111571429,kew
Verbascum.thapsus,1.24,NA,0.091266667,kew
Verbascum.thapsus,1,NA,NA,
Verbascum.thapsus,0.72,NA,NA,
Verbascum.thapsus,1.1,NA,NA,
Verbascum.thapsus,0.86,NA,NA,
Verbascum.thapsus,1.03,NA,NA,
Verbascum.thapsus,0.65,NA,NA,
Verbascum.thapsus,0.94,NA,NA,
Verbascum.thapsus,0.975,NA,NA,
Verbascum.thapsus,0.95,NA,NA,
Verbascum.thapsus,1.07,NA,NA,
Verbascum.thapsus,1.12,NA,NA,
Verbascum.thapsus,1.06,NA,NA,
Verbascum.thapsus,0.81,NA,NA,
Verbascum.thapsus,0.83,NA,NA,
Verbascum.thapsus,0.83,NA,NA,
Verbascum.thapsus,1.07,NA,NA,
Verbascum.thapsus,0.975,NA,NA,
Verbascum.thapsus,1.09,NA,NA,
Verbascum.thapsus,0.99,NA,NA,
Verbena.hastata,NA,NA,0.2302,field
Verbena.stricta,NA,NA,1.030454545,field
Vernonia,NA,NA,0.985714286,field
Veronica,NA,NA,0.215392209,kew
Veronicastrum.virginicum,NA,NA,0.065714286,field
Viola,NA,NA,1.5876375,kew
Vitis,NA,NA,57.6125,kew
Zizia.aptera,NA,NA,1.591428571,field
Zizia.aurea,NA,NA,2.314285714,field
